,path,acc,f1,pr,re,auc_pr_RUNX1_RUNX1T1,auc_pr_control,auc_pr_NPM1,auc_pr_PML_RARA,auc_pr_CBFB_MYH11,auc_roc_RUNX1_RUNX1T1,auc_roc_control,auc_roc_NPM1,auc_roc_PML_RARA,auc_roc_CBFB_MYH11,c_acc_RUNX1_RUNX1T1,c_acc_control,c_acc_NPM1,c_acc_PML_RARA,c_acc_CBFB_MYH11,c_f1_RUNX1_RUNX1T1,c_f1_control,c_f1_NPM1,c_f1_PML_RARA,c_f1_CBFB_MYH11
0,exp0_rep0,0.8918918918918919,0.8918918918918919,0.8918918918918919,0.8918918918918919,0.9248015873015873,1.0,0.8851593268886502,1.0,0.8233457019171304,0.8333333333333333,1.0,0.9119047619047619,1.0,0.8785714285714286,0.6666666666666666,1.0,0.8571428571428571,1.0,0.8571428571428571,0.8,1.0,0.8571428571428571,1.0,0.75
1,exp0_rep1,0.8648648648648649,0.8648648648648649,0.8648648648648649,0.8648648648648649,0.8729166666666666,1.0,0.8675815153647666,1.0,0.8156617192331477,0.8172043010752688,1.0,0.9119047619047619,0.9,0.8785714285714286,0.6666666666666666,1.0,0.8571428571428571,0.8,0.8571428571428571,0.7272727272727273,1.0,0.8571428571428571,0.8888888888888888,0.75
mean,,0.8783783783783784,0.8783783783783784,0.8783783783783784,0.8783783783783784,0.898859126984127,1.0,0.8763704211267084,1.0,0.819503710575139,0.825268817204301,1.0,0.9119047619047619,0.95,0.8785714285714286,0.6666666666666666,1.0,0.8571428571428571,0.9,0.8571428571428571,0.7636363636363637,1.0,0.8571428571428571,0.9444444444444444,0.75
std,,0.01911099408612287,0.01911099408612287,0.01911099408612287,0.01911099408612287,0.036688179222278315,0.0,0.012429389726957136,0.0,0.005433396262364202,0.011404948083653983,0.0,0.0,0.07071067811865474,0.0,0.0,0.0,0.0,0.14142135623730948,0.0,0.05142594772265802,0.0,0.0,0.07856742013183865,0.0
