,path,acc,f1,pr,re,auc_pr_RUNX1_RUNX1T1,auc_pr_control,auc_pr_NPM1,auc_pr_PML_RARA,auc_pr_CBFB_MYH11,auc_roc_RUNX1_RUNX1T1,auc_roc_control,auc_roc_NPM1,auc_roc_PML_RARA,auc_roc_CBFB_MYH11,c_acc_RUNX1_RUNX1T1,c_acc_control,c_acc_NPM1,c_acc_PML_RARA,c_acc_CBFB_MYH11,c_f1_RUNX1_RUNX1T1,c_f1_control,c_f1_NPM1,c_f1_PML_RARA,c_f1_CBFB_MYH11
0,uncertain_seed1_max_50percent,0.8378378378378378,0.8378378378378378,0.8378378378378378,0.8378378378378378,0.9104166666666667,1.0,0.6485660931039081,1.0,0.7948554421768708,0.8333333333333333,0.98,0.7357142857142858,1.0,0.8952380952380953,0.6666666666666666,1.0,0.5714285714285714,1.0,0.8571428571428571,0.8,0.96,0.5714285714285714,1.0,0.8
1,uncertain_seed20_max_50percent,0.7837837837837838,0.7837837837837838,0.7837837837837838,0.7837837837837838,0.7563131313131313,1.0,0.5449074526142196,1.0,0.8413910391742903,0.7338709677419355,1.0,0.6476190476190476,0.984375,0.8952380952380953,0.5,1.0,0.42857142857142855,1.0,0.8571428571428571,0.6,1.0,0.42857142857142855,0.9090909090909091,0.8
mean,,0.8108108108108107,0.8108108108108107,0.8108108108108107,0.8108108108108107,0.833364898989899,1.0,0.5967367728590638,1.0,0.8181232406755805,0.7836021505376344,0.99,0.6916666666666667,0.9921875,0.8952380952380953,0.5833333333333333,1.0,0.5,1.0,0.8571428571428571,0.7,0.98,0.5,0.9545454545454546,0.8
std,,0.03822198817224581,0.03822198817224581,0.03822198817224581,0.03822198817224581,0.10896765485330573,0.0,0.07329772761883718,0.0,0.03290563620343966,0.07033051318253289,0.014142135623730963,0.06229274024738635,0.011048543456039806,0.0,0.11785113019775789,0.0,0.10101525445522107,0.0,0.0,0.14142135623730953,0.028284271247461926,0.10101525445522107,0.06428243465332252,0.0
