,path,acc,f1,pr,re,auc_pr_RUNX1_RUNX1T1,auc_pr_control,auc_pr_NPM1,auc_pr_PML_RARA,auc_pr_CBFB_MYH11,auc_roc_RUNX1_RUNX1T1,auc_roc_control,auc_roc_NPM1,auc_roc_PML_RARA,auc_roc_CBFB_MYH11,c_acc_RUNX1_RUNX1T1,c_acc_control,c_acc_NPM1,c_acc_PML_RARA,c_acc_CBFB_MYH11,c_f1_RUNX1_RUNX1T1,c_f1_control,c_f1_NPM1,c_f1_PML_RARA,c_f1_CBFB_MYH11
0,uncertain_seed1_misscl_30percent,0.8648648648648649,0.8648648648648649,0.8648648648648649,0.8648648648648649,0.9037698412698412,1.0,0.8166928309785451,1.0,0.8650410164065625,0.8172043010752688,1.0,0.8238095238095239,1.0,0.8952380952380953,0.6666666666666666,1.0,0.7142857142857143,1.0,0.8571428571428571,0.7272727272727273,1.0,0.7142857142857143,1.0,0.8
1,uncertain_seed20_misscl_30percent,0.8108108108108109,0.8108108108108109,0.8108108108108109,0.8108108108108109,0.7546626984126984,1.0,0.6520241429905294,1.0,0.850876504447933,0.6505376344086021,1.0,0.7904761904761906,1.0,0.8952380952380953,0.3333333333333333,1.0,0.7142857142857143,1.0,0.8571428571428571,0.4444444444444444,1.0,0.625,1.0,0.8
mean,,0.8378378378378379,0.8378378378378379,0.8378378378378379,0.8378378378378379,0.8292162698412697,1.0,0.7343584869845372,1.0,0.8579587604272477,0.7338709677419355,1.0,0.8071428571428572,1.0,0.8952380952380953,0.5,1.0,0.7142857142857143,1.0,0.8571428571428571,0.5858585858585859,1.0,0.6696428571428572,1.0,0.8
std,,0.03822198817224581,0.03822198817224581,0.03822198817224581,0.03822198817224581,0.10543467183763694,0.0,0.11643834592541769,0.0,0.010015822458144905,0.11785113019775789,0.0,0.02357022603955158,0.0,0.0,0.23570226039551584,0.0,0.0,0.0,0.0,0.1999897966992256,0.0,0.06313453403451318,0.0,0.0
