,path,acc,f1,pr,re,auc_pr_RUNX1_RUNX1T1,auc_pr_control,auc_pr_NPM1,auc_pr_PML_RARA,auc_pr_CBFB_MYH11,auc_roc_RUNX1_RUNX1T1,auc_roc_control,auc_roc_NPM1,auc_roc_PML_RARA,auc_roc_CBFB_MYH11,c_acc_RUNX1_RUNX1T1,c_acc_control,c_acc_NPM1,c_acc_PML_RARA,c_acc_CBFB_MYH11,c_f1_RUNX1_RUNX1T1,c_f1_control,c_f1_NPM1,c_f1_PML_RARA,c_f1_CBFB_MYH11
0,uncertain_seed1_max_50percent,0.8378378378378378,0.8356756756756757,0.8466735966735967,0.8378378378378378,0.9104166666666667,1.0,0.6485660931039081,1.0,0.7948554421768708,0.8333333333333333,0.98,0.7357142857142858,1.0,0.8952380952380953,0.6666666666666666,1.0,0.5714285714285714,1.0,0.8571428571428571,0.8,0.96,0.5714285714285714,1.0,0.8
1,uncertain_seed20_max_50percent,0.7837837837837838,0.776904176904177,0.7815315315315315,0.7837837837837838,0.7563131313131313,1.0,0.5449074526142196,1.0,0.8413910391742903,0.7338709677419355,1.0,0.6476190476190476,0.984375,0.8952380952380953,0.5,1.0,0.42857142857142855,1.0,0.8571428571428571,0.6,1.0,0.42857142857142855,0.9090909090909091,0.8
2,uncertain_seed42_max_50percent,0.8648648648648649,0.8588533988533988,0.8823878823878825,0.8648648648648649,0.9296296296296296,1.0,0.8589688506981739,0.8347619047619046,0.7948554421768708,0.9005376344086022,0.98,0.7857142857142857,0.96875,0.9119047619047619,0.8333333333333334,1.0,0.5714285714285714,1.0,0.8571428571428571,0.8333333333333334,0.96,0.7272727272727273,0.8333333333333334,0.8571428571428571
mean,,0.8288288288288288,0.8238110838110838,0.8368643368643368,0.8288288288288288,0.8654531425364759,1.0,0.6841474654721006,0.9449206349206349,0.8103673078426773,0.8225806451612904,0.9866666666666667,0.723015873015873,0.984375,0.9007936507936508,0.6666666666666666,1.0,0.5238095238095238,1.0,0.8571428571428571,0.7444444444444445,0.9733333333333333,0.5757575757575758,0.9141414141414143,0.8190476190476191
std,,0.04128446572032291,0.04224328526056786,0.05113870413413903,0.04128446572032291,0.09500495262789135,0.0,0.160025516672545,0.0954002587660954,0.026867339453360083,0.08385201054022702,0.011547005383792525,0.06991788726741913,0.015625,0.00962250448649373,0.16666666666666669,0.0,0.08247860988423225,0.0,0.0,0.12619796324000612,0.023094010767585053,0.14939769633538874,0.08344803859524395,0.03299144395369285
