,path,acc,f1,pr,re,auc_pr_RUNX1_RUNX1T1,auc_pr_control,auc_pr_NPM1,auc_pr_PML_RARA,auc_pr_CBFB_MYH11,auc_roc_RUNX1_RUNX1T1,auc_roc_control,auc_roc_NPM1,auc_roc_PML_RARA,auc_roc_CBFB_MYH11,c_acc_RUNX1_RUNX1T1,c_acc_control,c_acc_NPM1,c_acc_PML_RARA,c_acc_CBFB_MYH11,c_f1_RUNX1_RUNX1T1,c_f1_control,c_f1_NPM1,c_f1_PML_RARA,c_f1_CBFB_MYH11
0,uncertain_seed1_max_20percent,0.918918918918919,0.918918918918919,0.918918918918919,0.918918918918919,0.9204545454545454,1.0,0.6888829215896883,1.0,0.648995052566481,0.9166666666666667,1.0,0.8952380952380953,1.0,0.9119047619047619,0.8333333333333334,1.0,0.8571428571428571,1.0,0.8571428571428571,0.9090909090909091,1.0,0.8,1.0,0.8571428571428571
1,uncertain_seed20_max_20percent,0.8918918918918919,0.8918918918918919,0.8918918918918919,0.8918918918918919,0.8898989898989899,1.0,0.8386054421768707,1.0,0.8326530612244898,0.9005376344086022,1.0,0.8238095238095239,1.0,0.9119047619047619,0.8333333333333334,1.0,0.7142857142857143,1.0,0.8571428571428571,0.8333333333333334,1.0,0.7142857142857143,1.0,0.8571428571428571
mean,,0.9054054054054055,0.9054054054054055,0.9054054054054055,0.9054054054054055,0.9051767676767677,1.0,0.7637441818832795,1.0,0.7408240568954854,0.9086021505376345,1.0,0.8595238095238096,1.0,0.9119047619047619,0.8333333333333334,1.0,0.7857142857142857,1.0,0.8571428571428571,0.8712121212121212,1.0,0.7571428571428571,1.0,0.8571428571428571
std,,0.019110994086122948,0.019110994086122948,0.019110994086122948,0.019110994086122948,0.02160604053625562,0.0,0.10586980960353913,0.0,0.12986582334129562,0.011404948083653983,0.0,0.05050762722761051,0.0,0.0,0.0,0.0,0.10101525445522103,0.0,0.0,0.05356869554443537,0.0,0.06060915267313267,0.0,0.0
