,path,acc,f1,pr,re,auc_pr_RUNX1_RUNX1T1,auc_pr_control,auc_pr_NPM1,auc_pr_PML_RARA,auc_pr_CBFB_MYH11,auc_roc_RUNX1_RUNX1T1,auc_roc_control,auc_roc_NPM1,auc_roc_PML_RARA,auc_roc_CBFB_MYH11,c_acc_RUNX1_RUNX1T1,c_acc_control,c_acc_NPM1,c_acc_PML_RARA,c_acc_CBFB_MYH11,c_f1_RUNX1_RUNX1T1,c_f1_control,c_f1_NPM1,c_f1_PML_RARA,c_f1_CBFB_MYH11
0,uncertain_seed1_misscl_10percent,0.8648648648648649,0.8648648648648649,0.8648648648648649,0.8648648648648649,0.6630952380952381,1.0,0.871001221001221,1.0,0.5245890022675737,0.9005376344086022,1.0,0.8404761904761905,1.0,0.8071428571428572,0.8333333333333334,1.0,0.7142857142857143,1.0,0.7142857142857143,0.8333333333333334,1.0,0.7692307692307693,1.0,0.6666666666666666
1,uncertain_seed20_misscl_10percent,0.7837837837837838,0.7837837837837838,0.7837837837837838,0.7837837837837838,0.6442460317460318,1.0,0.8363160648874934,1.0,0.656314894378804,0.9516129032258064,0.98,0.8238095238095239,0.984375,0.5547619047619047,1.0,1.0,0.7142857142857143,1.0,0.14285714285714285,0.8,0.96,0.7142857142857143,0.9090909090909091,0.2222222222222222
mean,,0.8243243243243243,0.8243243243243243,0.8243243243243243,0.8243243243243243,0.6536706349206349,1.0,0.8536586429443572,1.0,0.5904519483231888,0.9260752688172043,0.99,0.8321428571428572,0.9921875,0.680952380952381,0.9166666666666667,1.0,0.7142857142857143,1.0,0.4285714285714286,0.8166666666666667,0.98,0.7417582417582418,0.9545454545454546,0.4444444444444444
std,,0.05733298225836876,0.05733298225836876,0.05733298225836876,0.05733298225836876,0.01332840162950829,0.0,0.024526109094530808,0.0,0.0931442715696985,0.036115668931570866,0.014142135623730963,0.01178511301977575,0.011048543456039806,0.17846028287089064,0.11785113019775789,0.0,0.0,0.0,0.4040610178208843,0.02357022603955158,0.028284271247461926,0.038852020944315814,0.06428243465332252,0.31426968052735443
