,path,acc,f1,pr,re,auc_pr_RUNX1_RUNX1T1,auc_pr_control,auc_pr_NPM1,auc_pr_PML_RARA,auc_pr_CBFB_MYH11,auc_roc_RUNX1_RUNX1T1,auc_roc_control,auc_roc_NPM1,auc_roc_PML_RARA,auc_roc_CBFB_MYH11,c_acc_RUNX1_RUNX1T1,c_acc_control,c_acc_NPM1,c_acc_PML_RARA,c_acc_CBFB_MYH11,c_f1_RUNX1_RUNX1T1,c_f1_control,c_f1_NPM1,c_f1_PML_RARA,c_f1_CBFB_MYH11
0,uncertain_seed1_max_20percent,0.8918918918918919,0.8918918918918919,0.8918918918918919,0.8918918918918919,0.9742063492063491,1.0,0.8851593268886502,1.0,0.7846371882086167,0.9005376344086022,1.0,0.8404761904761905,1.0,0.8952380952380953,0.8333333333333334,1.0,0.7142857142857143,1.0,0.8571428571428571,0.8333333333333334,1.0,0.7692307692307693,1.0,0.8
1,uncertain_seed20_max_20percent,0.9459459459459459,0.9459459459459459,0.9459459459459459,0.9459459459459459,1.0,1.0,0.8519789734075447,1.0,0.6659863945578232,1.0,1.0,0.9119047619047619,1.0,0.9119047619047619,1.0,1.0,0.8571428571428571,1.0,0.8571428571428571,1.0,1.0,0.8571428571428571,1.0,0.8571428571428571
2,uncertain_seed42_max_20percent,0.918918918918919,0.918918918918919,0.918918918918919,0.918918918918919,0.9553571428571428,1.0,0.9233457019171305,1.0,0.9547619047619047,0.9166666666666667,1.0,0.9119047619047619,1.0,0.8952380952380953,0.8333333333333334,1.0,0.8571428571428571,1.0,0.8571428571428571,0.9090909090909091,1.0,0.8571428571428571,1.0,0.8
mean,,0.9189189189189189,0.9189189189189189,0.9189189189189189,0.9189189189189189,0.9765211640211641,1.0,0.8868280007377751,1.0,0.8017951625094483,0.939068100358423,1.0,0.888095238095238,1.0,0.9007936507936508,0.888888888888889,1.0,0.8095238095238094,1.0,0.8571428571428571,0.9141414141414143,1.0,0.8278388278388279,1.0,0.8190476190476191
std,,0.02702702702702703,0.02702702702702703,0.02702702702702703,0.02702702702702703,0.022411268352986048,0.0,0.035712614561962515,0.0,0.14515033890758883,0.053381258095363676,0.0,0.041239304942116105,0.0,0.00962250448649373,0.0962250448649376,0.0,0.08247860988423221,0.0,0.0,0.08344803859524395,0.0,0.050756067621065944,0.0,0.03299144395369285
