,path,acc,f1,pr,re,auc_pr_RUNX1_RUNX1T1,auc_pr_control,auc_pr_NPM1,auc_pr_PML_RARA,auc_pr_CBFB_MYH11,auc_roc_RUNX1_RUNX1T1,auc_roc_control,auc_roc_NPM1,auc_roc_PML_RARA,auc_roc_CBFB_MYH11,c_acc_RUNX1_RUNX1T1,c_acc_control,c_acc_NPM1,c_acc_PML_RARA,c_acc_CBFB_MYH11,c_f1_RUNX1_RUNX1T1,c_f1_control,c_f1_NPM1,c_f1_PML_RARA,c_f1_CBFB_MYH11
0,uncertain_seed1_max_30percent,0.8378378378378378,0.832046332046332,0.8364864864864865,0.8378378378378378,0.9104166666666667,1.0,0.7982606679035249,1.0,0.8453819989534275,0.8682795698924731,1.0,0.680952380952381,1.0,0.9119047619047619,0.8333333333333334,1.0,0.42857142857142855,1.0,0.8571428571428571,0.7142857142857143,1.0,0.5,1.0,0.8571428571428571
1,uncertain_seed20_max_30percent,0.8378378378378378,0.8378378378378378,0.8378378378378378,0.8378378378378378,0.7721200980392157,1.0,0.6585282199004003,1.0,0.7690028643036162,0.9005376344086022,1.0,0.7357142857142858,1.0,0.8238095238095239,0.8333333333333334,1.0,0.5714285714285714,1.0,0.7142857142857143,0.8333333333333334,1.0,0.5714285714285714,1.0,0.7142857142857143
2,uncertain_seed42_max_30percent,0.8378378378378378,0.8458304458304459,0.8824733824733824,0.8378378378378378,1.0,1.0,0.8429212454212454,1.0,0.7880218754168333,0.8333333333333333,1.0,0.8452380952380952,0.9,0.8404761904761905,0.6666666666666666,1.0,0.8571428571428571,0.8,0.7142857142857143,0.8,1.0,0.6666666666666666,0.8888888888888888,0.7692307692307693
mean,,0.8378378378378378,0.8385715385715385,0.8522659022659022,0.8378378378378378,0.8941789215686274,1.0,0.7665700444083902,1.0,0.8008022462246256,0.867383512544803,1.0,0.753968253968254,0.9666666666666667,0.8587301587301588,0.7777777777777778,1.0,0.6190476190476191,0.9333333333333332,0.7619047619047619,0.7825396825396825,1.0,0.5793650793650794,0.9629629629629629,0.7802197802197802
std,,0.0,0.006921284980285373,0.026169169512666575,0.0,0.1148044454880378,0.0,0.09619469152877168,0.0,0.039761117450997314,0.03361110991668655,0.0,0.08365019125713039,0.05773502691896257,0.04679848567557319,0.09622504486493767,0.0,0.21821789023599236,0.11547005383792512,0.08247860988423221,0.06141441943540669,0.0,0.08361629962581536,0.06415002990995845,0.07205976400331866
