,path,acc,f1,pr,re,auc_pr_RUNX1_RUNX1T1,auc_pr_control,auc_pr_NPM1,auc_pr_PML_RARA,auc_pr_CBFB_MYH11,auc_roc_RUNX1_RUNX1T1,auc_roc_control,auc_roc_NPM1,auc_roc_PML_RARA,auc_roc_CBFB_MYH11,c_acc_RUNX1_RUNX1T1,c_acc_control,c_acc_NPM1,c_acc_PML_RARA,c_acc_CBFB_MYH11,c_f1_RUNX1_RUNX1T1,c_f1_control,c_f1_NPM1,c_f1_PML_RARA,c_f1_CBFB_MYH11
0,uncertain_seed1_max_10percent,0.8648648648648649,0.8648648648648649,0.8648648648648649,0.8648648648648649,0.9248015873015873,1.0,0.9092098377812663,1.0,0.8233457019171304,0.8172043010752688,1.0,0.8404761904761905,1.0,0.8785714285714286,0.6666666666666666,1.0,0.7142857142857143,1.0,0.8571428571428571,0.7272727272727273,1.0,0.7692307692307693,1.0,0.75
1,uncertain_seed20_max_10percent,0.918918918918919,0.918918918918919,0.918918918918919,0.918918918918919,0.9742063492063491,1.0,0.9156617192331478,1.0,0.8326530612244898,0.9838709677419355,1.0,0.8404761904761905,1.0,0.9119047619047619,1.0,1.0,0.7142857142857143,1.0,0.8571428571428571,0.9230769230769231,1.0,0.7692307692307693,1.0,0.8571428571428571
2,uncertain_seed41_max_10percent,0.9459459459459459,0.9459459459459459,0.9459459459459459,0.9459459459459459,1.0,1.0,0.9441609977324261,1.0,0.8743197278911563,1.0,1.0,0.9119047619047619,1.0,0.9119047619047619,1.0,1.0,0.8571428571428571,1.0,0.8571428571428571,1.0,1.0,0.8571428571428571,1.0,0.8571428571428571
mean,,0.9099099099099099,0.9099099099099099,0.9099099099099099,0.9099099099099099,0.9663359788359788,1.0,0.92301085158228,1.0,0.8434394970109255,0.9336917562724013,1.0,0.8642857142857143,1.0,0.9007936507936507,0.8888888888888888,1.0,0.7619047619047619,1.0,0.8571428571428571,0.8834498834498835,1.0,0.7985347985347985,1.0,0.8214285714285715
std,,0.041284465720322856,0.041284465720322856,0.041284465720322856,0.041284465720322856,0.03821200551417445,0.0,0.018598473195310595,0.0,0.027144948493805294,0.10120292403939429,0.0,0.041239304942116105,0.0,0.01924500897298752,0.1924500897298753,0.0,0.08247860988423221,0.0,0.0,0.14061567488909718,0.0,0.05075606762106595,0.0,0.06185895741317416
