,path,acc,f1,pr,re,auc_pr_RUNX1_RUNX1T1,auc_pr_control,auc_pr_NPM1,auc_pr_PML_RARA,auc_pr_CBFB_MYH11,auc_roc_RUNX1_RUNX1T1,auc_roc_control,auc_roc_NPM1,auc_roc_PML_RARA,auc_roc_CBFB_MYH11,c_acc_RUNX1_RUNX1T1,c_acc_control,c_acc_NPM1,c_acc_PML_RARA,c_acc_CBFB_MYH11,c_f1_RUNX1_RUNX1T1,c_f1_control,c_f1_NPM1,c_f1_PML_RARA,c_f1_CBFB_MYH11
0,uncertain_seed1_max_10percent,0.8648648648648649,0.8648648648648649,0.8648648648648649,0.8648648648648649,1.0,1.0,0.8880218754168332,1.0,0.7496860282574567,0.9166666666666667,1.0,0.8404761904761905,0.9,0.861904761904762,0.8333333333333334,1.0,0.7142857142857143,0.8,0.8571428571428571,0.9090909090909091,1.0,0.7692307692307693,0.8888888888888888,0.7058823529411765
1,uncertain_seed20_max_10percent,0.8648648648648649,0.8648648648648649,0.8648648648648649,0.8648648648648649,0.9742063492063491,1.0,0.8930533751962322,1.0,0.8894712430426714,0.75,1.0,0.8952380952380953,1.0,0.8785714285714286,0.5,1.0,0.8571428571428571,1.0,0.8571428571428571,0.6666666666666666,1.0,0.8,1.0,0.75
mean,,0.8648648648648649,0.8648648648648649,0.8648648648648649,0.8648648648648649,0.9871031746031745,1.0,0.8905376253065327,1.0,0.8195786356500641,0.8333333333333334,1.0,0.8678571428571429,0.95,0.8702380952380953,0.6666666666666667,1.0,0.7857142857142857,0.9,0.8571428571428571,0.7878787878787878,1.0,0.7846153846153847,0.9444444444444444,0.7279411764705883
std,,0.0,0.0,0.0,0.0,0.018238865387748344,0.0,0.00355780761355164,0.0,0.09884307328424341,0.11785113019775798,0.0,0.03872251420783476,0.07071067811865474,0.01178511301977575,0.23570226039551587,0.0,0.10101525445522103,0.14142135623730948,0.0,0.17141982574219336,0.0,0.02175713172881685,0.07856742013183865,0.03119588740528883
