,path,acc,f1,pr,re,auc_pr_RUNX1_RUNX1T1,auc_pr_control,auc_pr_NPM1,auc_pr_PML_RARA,auc_pr_CBFB_MYH11,auc_roc_RUNX1_RUNX1T1,auc_roc_control,auc_roc_NPM1,auc_roc_PML_RARA,auc_roc_CBFB_MYH11,c_acc_RUNX1_RUNX1T1,c_acc_control,c_acc_NPM1,c_acc_PML_RARA,c_acc_CBFB_MYH11,c_f1_RUNX1_RUNX1T1,c_f1_control,c_f1_NPM1,c_f1_PML_RARA,c_f1_CBFB_MYH11
0,uncertain_seed1_max_30percent,0.8378378378378378,0.8378378378378378,0.8378378378378378,0.8378378378378378,0.9104166666666667,1.0,0.7982606679035249,1.0,0.8453819989534275,0.8682795698924731,1.0,0.680952380952381,1.0,0.9119047619047619,0.8333333333333334,1.0,0.42857142857142855,1.0,0.8571428571428571,0.7142857142857143,1.0,0.5,1.0,0.8571428571428571
1,uncertain_seed20_max_30percent,0.8378378378378378,0.8378378378378378,0.8378378378378378,0.8378378378378378,0.7721200980392157,1.0,0.6585282199004003,1.0,0.7690028643036162,0.9005376344086022,1.0,0.7357142857142858,1.0,0.8238095238095239,0.8333333333333334,1.0,0.5714285714285714,1.0,0.7142857142857143,0.8333333333333334,1.0,0.5714285714285714,1.0,0.7142857142857143
mean,,0.8378378378378378,0.8378378378378378,0.8378378378378378,0.8378378378378378,0.8412683823529412,1.0,0.7283944439019626,1.0,0.8071924316285218,0.8844086021505377,1.0,0.7083333333333334,1.0,0.8678571428571429,0.8333333333333334,1.0,0.5,1.0,0.7857142857142857,0.7738095238095238,1.0,0.5357142857142857,1.0,0.7857142857142857
std,,0.0,0.0,0.0,0.0,0.09779044149130134,0.0,0.09880576153480604,0.0,0.05400820405204195,0.022809896167308042,0.0,0.03872251420783476,0.0,0.062292740247386263,0.0,0.0,0.10101525445522107,0.0,0.10101525445522103,0.08417937871268424,0.0,0.05050762722761051,0.0,0.10101525445522103
