,path,acc,f1,pr,re,auc_pr_RUNX1_RUNX1T1,auc_pr_control,auc_pr_NPM1,auc_pr_PML_RARA,auc_pr_CBFB_MYH11,auc_roc_RUNX1_RUNX1T1,auc_roc_control,auc_roc_NPM1,auc_roc_PML_RARA,auc_roc_CBFB_MYH11,c_acc_RUNX1_RUNX1T1,c_acc_control,c_acc_NPM1,c_acc_PML_RARA,c_acc_CBFB_MYH11,c_f1_RUNX1_RUNX1T1,c_f1_control,c_f1_NPM1,c_f1_PML_RARA,c_f1_CBFB_MYH11
0,uncertain_seed1_misscl_20percent,0.8378378378378378,0.8378378378378378,0.8378378378378378,0.8378378378378378,0.8243055555555555,1.0,0.8354553942789236,1.0,0.7399814471243042,0.8010752688172043,1.0,0.8238095238095239,1.0,0.8238095238095239,0.6666666666666666,1.0,0.7142857142857143,1.0,0.7142857142857143,0.6666666666666666,1.0,0.7142857142857143,1.0,0.7142857142857143
1,uncertain_seed20_misscl_20percent,0.8378378378378378,0.8378378378378378,0.8378378378378378,0.8378378378378378,0.9061507936507935,1.0,0.8609848484848484,1.0,0.9441609977324261,0.7338709677419355,1.0,0.8071428571428572,0.984375,0.9119047619047619,0.5,1.0,0.7142857142857143,1.0,0.8571428571428571,0.6,1.0,0.6666666666666666,0.9090909090909091,0.8571428571428571
mean,,0.8378378378378378,0.8378378378378378,0.8378378378378378,0.8378378378378378,0.8652281746031745,1.0,0.848220121381886,1.0,0.8420712224283652,0.7674731182795699,1.0,0.8154761904761905,0.9921875,0.8678571428571429,0.5833333333333333,1.0,0.7142857142857143,1.0,0.7857142857142857,0.6333333333333333,1.0,0.6904761904761905,0.9545454545454546,0.7857142857142857
std,,0.0,0.0,0.0,0.0,0.05787332286497036,0.0,0.018052050189000843,0.0,0.14437674481462484,0.04752061701522493,0.0,0.011785113019775828,0.011048543456039806,0.062292740247386263,0.11785113019775789,0.0,0.0,0.0,0.10101525445522103,0.04714045207910316,0.0,0.03367175148507373,0.06428243465332252,0.10101525445522103
